"Category","RGS","AC","PValue","Bonferroni"
"Unknown: regulated by multiple stresses",110,2248,1.38530250956675e-18,1.73162813695844e-16
"Extracellular material: collagen",24,185,4.37119832646623e-13,5.46399790808279e-11
"Stress response: detoxification: CYP",10,82,4.22457453339898e-06,0.000528071816674872
"Signaling: hedgehog-like",10,90,8.95353201040096e-06,0.00111919150130012
"Signaling: phosphatase: Y ",9,91,5.72969082318478e-05,0.00716211352898097
