"Category","RGS","AC","PValue","Bonferroni"
"Extracellular material: collagen",24,185,4.37119832646623e-13,4.15263841014292e-11
"Stress response: detoxification",16,151,4.01069292734768e-08,3.8101582809803e-06
"Unknown",217,8160,1.30471711879662e-07,1.23948126285679e-05
"Signaling: hedgehog-like",10,90,8.95353201040096e-06,0.000850585540988091
"Signaling: phosphatase",14,197,2.01321738354655e-05,0.00191255651436922
