"Category","RGS","AC","PValue","Bonferroni"
"Extracellular material",36,485,5.5154092391885e-12,1.32369821740524e-10
"Stress response",44,810,4.29707090152903e-10,1.03129701636697e-08
"Unknown",217,8160,1.30471711879662e-07,3.13132108511189e-06
"Signaling",44,1193,9.82899465724856e-06,0.000235895871773965
