"Category","RGS","AC","PValue","Bonferroni"
"Metabolism: lipid",51,525,1.05657101542399e-24,9.61479624035831e-23
"Extracellular material: collagen",22,185,2.30733810080025e-13,2.09967767172823e-11
"Proteolysis general: aspartate",12,33,7.60830185261461e-13,6.9235546858793e-11
"Stress response: pathogen",19,177,4.56015672369759e-11,4.14974261856481e-09
"Metabolism: 1CC",9,30,2.26955556875604e-09,2.065295567568e-07
"Metabolism: glycolysis",9,37,1.0821322641312e-08,9.84740360359392e-07
"Stress response: detoxification",13,151,4.90979765693558e-07,4.46791586781138e-05
"Metabolism: amino acid",9,82,4.42526423796735e-06,0.000402699045655029
"Stress response: other",6,49,9.9823561345512e-05,0.00908394408244159
