"Category","RGS","AC","PValue","Bonferroni"
"Metabolism",98,1577,5.71482458988026e-30,1.54300263926767e-28
"Stress response",59,810,2.25137678588219e-22,6.07871732188191e-21
"Proteolysis general",27,395,8.5786361570903e-11,2.31623176241438e-09
"Extracellular material",24,485,2.71108278958526e-07,7.3199235318802e-06
