"Category","RGS","AC","PValue","Bonferroni"
"Stress response",27,810,3.61393743177023e-09,8.31205609307153e-08
"Unknown",107,8160,1.68636047287595e-05,0.000387862908761469
"Extracellular material",15,485,1.8605578357413e-05,0.000427928302220499
