"Category","RGS","AC","PValue","Bonferroni"
"Unknown: regulated by multiple stresses",45,2248,2.19798114375167e-07,1.78036472643885e-05
"Stress response: pathogen: CUB",5,25,3.80045174027293e-06,0.000307836590962107
"Extracellular material: collagen",9,185,3.09547298457488e-05,0.00250733311750565
