"Category","RGS","AC","PValue","Bonferroni"
"Stress response: pathogen",16,177,8.11369444748193e-12,4.94935361296398e-10
"Unknown",107,8160,1.68636047287595e-05,0.00102867988845433
"Extracellular material: collagen",9,185,3.09547298457488e-05,0.00188823852059068
