"Category","RGS","AC","PValue","Bonferroni"
"Stress response",109,810,1.44260553248922e-24,4.03929549096982e-23
"Major sperm protein",27,31,3.33232999938357e-23,9.330523998274e-22
"Unknown",516,8160,1.678325449483e-18,4.6993112585524e-17
"Signaling",99,1193,1.24508930861604e-10,3.48625006412491e-09
"Cytoskeleton",40,369,6.62550467675366e-08,1.85514130949102e-06
"Extracellular material",47,485,1.14572041876776e-07,3.20801717254973e-06
"Proteolysis general",34,395,5.08105014535834e-05,0.00142269404070034
