"Category","RGS","AC","PValue","Bonferroni"
"Signaling: phosphatase",53,197,2.63919917106831e-24,3.21982298870334e-22
"Major sperm protein",27,31,3.33232999938357e-23,4.06544259924796e-21
"Unknown",516,8160,1.678325449483e-18,2.04755704836926e-16
"Cytoskeleton: microtubule",36,128,1.2907361559458e-17,1.57469811025388e-15
"Stress response: C-type Lectin",43,257,1.1426880015128e-13,1.39407936184562e-11
"Extracellular material: collagen",31,185,2.45085457442456e-10,2.99004258079796e-08
"Stress response: pathogen",29,177,1.4150796649708e-09,1.72639719126438e-07
"Stress response: detoxification",23,151,2.07931717801391e-07,2.53676695717697e-05
