"Category","RGS","AC","PValue","Bonferroni"
"Unknown: regulated by multiple stresses",315,2248,3.40442163897403e-66,5.78751678625585e-64
"Major sperm protein",27,31,3.33232999938357e-23,5.66496099895207e-21
"Signaling: phosphatase: Y ",37,91,1.82132902136246e-22,3.09625933631618e-20
"Cytoskeleton: microtubule: tau tubulin kinase",31,74,2.12403742822215e-19,3.61086362797765e-17
"Stress response: C-type Lectin",43,257,1.1426880015128e-13,1.94256960257176e-11
"Extracellular material: collagen",31,185,2.45085457442456e-10,4.16645277652175e-08
"Stress response: pathogen: CUB",10,25,4.35037958146171e-07,7.39564528848491e-05
"Signaling: phosphatase: other",16,98,6.25468424833475e-06,0.00106329632221691
"Stress response: detoxification: ugt",12,69,5.02799933147167e-05,0.00854759886350184
